Predator,Prey,Diet Proportion
SeaBirds,AtlHerring,1.880
SeaBirds,AtlMackerel,0.013
SeaBirds,Butterfish,29.180
SeaBirds,SmPelagics,28.870
SeaBirds,Cod,0.260
SeaBirds,Haddock,0.670
SeaBirds,Goosefish,0.020
SeaBirds,SilverHake,0.140
SeaBirds,RedHake,0.280
SeaBirds,WhiteHake,0.020
SeaBirds,Pollock,0.160
SeaBirds,OceanPout,0.020
SeaBirds,Bluefish,0.040
SeaBirds,Scup,0.050
SeaBirds,OtherDemersals,0.100
SeaBirds,Fourspot,0.060
SeaBirds,AmPlaice,0.010
SeaBirds,Windowpane,0.300
SeaBirds,WinterFlounder,0.360
SeaBirds,YTFlounder,0.130
SeaBirds,SpinyDogfish,2.240
SeaBirds,WinterSkate,1.110
SeaBirds,LittleSkate,0.210
SeaBirds,Illex,0.490
SeaBirds,Loligo,2.690
SeaBirds,OtherShrimps,2.160
SeaBirds,Krill,2.380
SeaBirds,Micronekton,21.670
SeaBirds,LgCopepods,3.430
SeaBirds,Detritus,0.910
SeaBirds,Import,0.117
Pinnipeds,AtlHerring,0.820
Pinnipeds,AtlMackerel,0.006
Pinnipeds,Butterfish,12.720
Pinnipeds,SmPelagics,25.660
Pinnipeds,Cod,2.300
Pinnipeds,Haddock,8.400
Pinnipeds,Goosefish,0.170
Pinnipeds,SilverHake,1.240
Pinnipeds,RedHake,3.520
Pinnipeds,WhiteHake,0.200
Pinnipeds,Redfish,0.040
Pinnipeds,Pollock,1.410
Pinnipeds,OceanPout,0.290
Pinnipeds,Scup,0.670
Pinnipeds,OtherDemersals,1.240
Pinnipeds,Fourspot,0.800
Pinnipeds,SummerFlounder,0.040
Pinnipeds,AmPlaice,0.100
Pinnipeds,Windowpane,3.830
Pinnipeds,WinterFlounder,4.580
Pinnipeds,WitchFlounder,0.030
Pinnipeds,YTFlounder,1.640
Pinnipeds,SmFlatfishes,0.030
Pinnipeds,SpinyDogfish,19.480
Pinnipeds,SmoothDogfish,0.020
Pinnipeds,WinterSkate,2.050
Pinnipeds,LittleSkate,0.390
Pinnipeds,Illex,1.000
Pinnipeds,Loligo,5.550
Pinnipeds,OtherCephalopods,0.010
Pinnipeds,Macrobenthos,1.080
Pinnipeds,OtherShrimps,0.310
Pinnipeds,Krill,0.050
Pinnipeds,Micronekton,0.260
Pinnipeds,Import,0.054
BaleenWhales,AtlHerring,0.930
BaleenWhales,AtlMackerel,0.007
BaleenWhales,Butterfish,14.510
BaleenWhales,SmPelagics,8.100
BaleenWhales,Cod,0.460
BaleenWhales,Haddock,0.510
BaleenWhales,Goosefish,0.030
BaleenWhales,SilverHake,0.250
BaleenWhales,RedHake,0.210
BaleenWhales,WhiteHake,0.040
BaleenWhales,Pollock,0.280
BaleenWhales,OceanPout,0.020
BaleenWhales,Scup,0.040
BaleenWhales,OtherDemersals,0.080
BaleenWhales,Fourspot,0.050
BaleenWhales,SummerFlounder,0.010
BaleenWhales,AmPlaice,0.010
BaleenWhales,Windowpane,0.230
BaleenWhales,WinterFlounder,0.280
BaleenWhales,YTFlounder,0.100
BaleenWhales,SpinyDogfish,3.890
BaleenWhales,WinterSkate,0.920
BaleenWhales,LittleSkate,0.180
BaleenWhales,Illex,0.480
BaleenWhales,Loligo,2.660
BaleenWhales,Krill,8.530
BaleenWhales,Micronekton,41.720
BaleenWhales,LgCopepods,15.390
BaleenWhales,Import,0.063
Odontocetes,AtlHerring,1.380
Odontocetes,AtlMackerel,0.010
Odontocetes,Butterfish,21.410
Odontocetes,SmPelagics,6.580
Odontocetes,Cod,1.640
Odontocetes,Haddock,3.720
Odontocetes,Goosefish,0.120
Odontocetes,SilverHake,0.890
Odontocetes,RedHake,1.560
Odontocetes,WhiteHake,0.140
Odontocetes,Redfish,0.020
Odontocetes,Pollock,0.810
Odontocetes,OceanPout,0.130
Odontocetes,BlackSeaBass,0.200
Odontocetes,Scup,0.300
Odontocetes,OtherDemersals,0.550
Odontocetes,Fourspot,0.360
Odontocetes,SummerFlounder,0.030
Odontocetes,AmPlaice,0.040
Odontocetes,Windowpane,1.690
Odontocetes,WinterFlounder,2.030
Odontocetes,WitchFlounder,0.010
Odontocetes,YTFlounder,0.720
Odontocetes,SmFlatfishes,0.010
Odontocetes,SpinyDogfish,13.890
Odontocetes,SmoothDogfish,0.010
Odontocetes,WinterSkate,3.830
Odontocetes,LittleSkate,0.730
Odontocetes,Illex,5.580
Odontocetes,Loligo,30.890
Odontocetes,OtherCephalopods,0.050
Odontocetes,Macrobenthos,0.520
Odontocetes,OtherShrimps,0.030
Odontocetes,Micronekton,0.020
Odontocetes,Import,0.090
HMS,AtlHerring,0.810
HMS,AtlMackerel,0.006
HMS,Butterfish,12.630
HMS,SmPelagics,74.000
HMS,Illex,0.340
HMS,Loligo,1.860
HMS,GelZooplankton,10.300
HMS,Import,0.054
Sharks,SeaBirds,3.100
Sharks,Pinnipeds,2.500
Sharks,BaleenWhales,1.000
Sharks,Odontocetes,4.600
Sharks,HMS,1.000
Sharks,Sharks,1.400
Sharks,AtlHerring,1.310
Sharks,AtlMackerel,0.009
Sharks,Butterfish,20.300
Sharks,SmPelagics,8.300
Sharks,Mesopelagics,0.700
Sharks,OtherPelagics,0.010
Sharks,Cod,0.670
Sharks,Haddock,1.500
Sharks,Goosefish,0.050
Sharks,SilverHake,0.360
Sharks,RedHake,0.710
Sharks,WhiteHake,0.060
Sharks,Redfish,0.010
Sharks,Pollock,0.410
Sharks,OceanPout,0.060
Sharks,BlackSeaBass,0.200
Sharks,Bluefish,12.390
Sharks,Scup,0.140
Sharks,OtherDemersals,0.250
Sharks,Fourspot,0.160
Sharks,SummerFlounder,0.010
Sharks,AmPlaice,0.020
Sharks,Windowpane,0.780
Sharks,WinterFlounder,0.930
Sharks,WitchFlounder,0.010
Sharks,YTFlounder,0.330
Sharks,SmFlatfishes,0.010
Sharks,SpinyDogfish,5.640
Sharks,SmoothDogfish,0.010
Sharks,Barndoor,0.010
Sharks,WinterSkate,6.870
Sharks,LittleSkate,1.310
Sharks,OtherSkates,0.010
Sharks,Illex,2.540
Sharks,Loligo,14.040
Sharks,OtherCephalopods,0.020
Sharks,Macrobenthos,2.000
Sharks,GelZooplankton,1.000
Sharks,LgCopepods,3.100
Sharks,Detritus,0.100
Sharks,Import,0.081
AtlHerring,SilverHake,0.540
AtlHerring,RedHake,0.020
AtlHerring,OtherDemersals,0.050
AtlHerring,Loligo,0.040
AtlHerring,Macrobenthos,15.090
AtlHerring,Megabenthos,0.170
AtlHerring,OtherShrimps,10.370
AtlHerring,Krill,3.530
AtlHerring,Micronekton,36.120
AtlHerring,GelZooplankton,0.070
AtlHerring,SmCopepods,34.000
AtlMackerel,Butterfish,0.360
AtlMackerel,SmPelagics,6.270
AtlMackerel,SilverHake,3.100
AtlMackerel,RedHake,2.490
AtlMackerel,Redfish,0.060
AtlMackerel,OtherDemersals,0.400
AtlMackerel,Loligo,2.170
AtlMackerel,OtherCephalopods,0.410
AtlMackerel,Macrobenthos,11.740
AtlMackerel,Megabenthos,0.250
AtlMackerel,OtherShrimps,5.580
AtlMackerel,Krill,3.480
AtlMackerel,Micronekton,31.320
AtlMackerel,GelZooplankton,0.350
AtlMackerel,SmCopepods,32.000
RiverHerring,Macrobenthos,25.180
RiverHerring,Megabenthos,0.260
RiverHerring,OtherShrimps,7.260
RiverHerring,Krill,0.240
RiverHerring,Micronekton,67.060
Butterfish,Windowpane,0.080
Butterfish,Macrobenthos,39.380
Butterfish,Megabenthos,0.890
Butterfish,OtherShrimps,5.760
Butterfish,Krill,1.110
Butterfish,Micronekton,26.780
Butterfish,GelZooplankton,24.430
Butterfish,Phytoplankton,1.560
SmPelagics,Macrobenthos,0.140
SmPelagics,Krill,0.710
SmPelagics,Micronekton,4.190
SmPelagics,GelZooplankton,10.200
SmPelagics,LgCopepods,48.046
SmPelagics,SmCopepods,20.844
SmPelagics,Phytoplankton,15.800
SmPelagics,Detritus,0.070
Mesopelagics,Macrobenthos,100.000
OtherPelagics,AtlHerring,3.480
OtherPelagics,AtlMackerel,0.024
OtherPelagics,Butterfish,53.980
OtherPelagics,SmPelagics,5.400
OtherPelagics,Mesopelagics,0.300
OtherPelagics,Cod,0.730
OtherPelagics,Haddock,3.270
OtherPelagics,Goosefish,0.050
OtherPelagics,SilverHake,0.390
OtherPelagics,RedHake,1.170
OtherPelagics,WhiteHake,0.060
OtherPelagics,Redfish,0.010
OtherPelagics,Pollock,0.450
OtherPelagics,OceanPout,0.110
OtherPelagics,BlackSeaBass,0.200
OtherPelagics,Bluefish,1.100
OtherPelagics,Scup,0.260
OtherPelagics,OtherDemersals,0.480
OtherPelagics,Fourspot,0.310
OtherPelagics,SummerFlounder,0.010
OtherPelagics,AmPlaice,0.040
OtherPelagics,Windowpane,1.490
OtherPelagics,WinterFlounder,1.780
OtherPelagics,WitchFlounder,0.010
OtherPelagics,YTFlounder,0.640
OtherPelagics,SmFlatfishes,0.010
OtherPelagics,SpinyDogfish,6.190
OtherPelagics,SmoothDogfish,0.010
OtherPelagics,WinterSkate,1.170
OtherPelagics,LittleSkate,0.220
OtherPelagics,Illex,1.740
OtherPelagics,Loligo,9.640
OtherPelagics,OtherCephalopods,0.020
OtherPelagics,AmLobster,1.780
OtherPelagics,Macrobenthos,2.400
OtherPelagics,Megabenthos,0.020
OtherPelagics,AtlScallop,0.040
OtherPelagics,OceanQuahog,0.180
OtherPelagics,SurfClam,0.080
OtherPelagics,OtherShrimps,0.100
OtherPelagics,Micronekton,0.200
OtherPelagics,GelZooplankton,0.100
OtherPelagics,Detritus,0.100
OtherPelagics,Import,0.216
Cod,AtlHerring,8.780
Cod,AtlMackerel,0.023
Cod,Butterfish,0.060
Cod,SmPelagics,30.060
Cod,OtherPelagics,0.680
Cod,Cod,0.320
Cod,Haddock,0.420
Cod,SilverHake,6.340
Cod,RedHake,0.410
Cod,OceanPout,0.020
Cod,Bluefish,0.290
Cod,OtherDemersals,1.670
Cod,OtherSkates,0.010
Cod,Illex,0.050
Cod,Loligo,0.090
Cod,OtherCephalopods,0.130
Cod,AmLobster,0.020
Cod,Macrobenthos,18.040
Cod,Megabenthos,25.680
Cod,AtlScallop,0.170
Cod,OceanQuahog,0.010
Cod,SurfClam,0.010
Cod,OtherShrimps,4.580
Cod,Krill,0.330
Cod,Micronekton,1.630
Cod,GelZooplankton,0.010
Cod,Import,0.207
Haddock,AtlHerring,1.100
Haddock,Butterfish,0.200
Haddock,SmPelagics,4.250
Haddock,Haddock,0.300
Haddock,SilverHake,1.680
Haddock,OceanPout,0.120
Haddock,OtherDemersals,0.140
Haddock,Macrobenthos,78.870
Haddock,Megabenthos,5.500
Haddock,AtlScallop,0.890
Haddock,OtherShrimps,2.520
Haddock,Krill,0.690
Haddock,Micronekton,3.540
Haddock,GelZooplankton,0.180
Goosefish,AtlHerring,5.640
Goosefish,AtlMackerel,0.371
Goosefish,Butterfish,0.350
Goosefish,SmPelagics,10.470
Goosefish,Cod,15.360
Goosefish,Haddock,10.390
Goosefish,Goosefish,0.570
Goosefish,SilverHake,9.690
Goosefish,RedHake,1.600
Goosefish,OceanPout,0.080
Goosefish,OtherDemersals,8.200
Goosefish,Fourspot,0.150
Goosefish,Windowpane,0.080
Goosefish,YTFlounder,0.680
Goosefish,SmFlatfishes,0.120
Goosefish,SpinyDogfish,0.330
Goosefish,LittleSkate,2.240
Goosefish,OtherSkates,10.890
Goosefish,Illex,16.280
Goosefish,Loligo,0.820
Goosefish,OtherCephalopods,2.330
Goosefish,Macrobenthos,0.010
Goosefish,OtherShrimps,0.020
Goosefish,Import,3.339
SilverHake,AtlHerring,30.860
SilverHake,AtlMackerel,0.510
SilverHake,Butterfish,2.190
SilverHake,SmPelagics,12.150
SilverHake,Mesopelagics,0.040
SilverHake,OtherPelagics,2.290
SilverHake,Cod,0.070
SilverHake,Haddock,0.480
SilverHake,SilverHake,10.150
SilverHake,RedHake,0.260
SilverHake,WhiteHake,0.030
SilverHake,Scup,0.030
SilverHake,OtherDemersals,0.490
SilverHake,SummerFlounder,0.020
SilverHake,SmFlatfishes,0.080
SilverHake,Illex,0.690
SilverHake,Loligo,1.290
SilverHake,OtherCephalopods,1.020
SilverHake,Macrobenthos,2.590
SilverHake,Megabenthos,0.070
SilverHake,OtherShrimps,7.130
SilverHake,Krill,12.360
SilverHake,Micronekton,10.600
SilverHake,Import,4.590
RedHake,AtlHerring,0.230
RedHake,SmPelagics,8.420
RedHake,Mesopelagics,0.020
RedHake,Cod,0.460
RedHake,Haddock,0.030
RedHake,SilverHake,1.610
RedHake,RedHake,0.920
RedHake,OtherDemersals,2.470
RedHake,Windowpane,0.010
RedHake,SmFlatfishes,0.070
RedHake,OtherSkates,0.040
RedHake,Illex,0.760
RedHake,Loligo,0.120
RedHake,OtherCephalopods,2.890
RedHake,AmLobster,0.150
RedHake,Macrobenthos,30.590
RedHake,Megabenthos,11.730
RedHake,AtlScallop,0.360
RedHake,OtherShrimps,12.920
RedHake,Krill,16.130
RedHake,Micronekton,10.090
WhiteHake,AtlHerring,5.740
WhiteHake,AtlMackerel,0.108
WhiteHake,Butterfish,0.430
WhiteHake,SmPelagics,5.330
WhiteHake,OtherPelagics,0.150
WhiteHake,Cod,8.210
WhiteHake,Haddock,1.030
WhiteHake,SilverHake,33.560
WhiteHake,RedHake,9.850
WhiteHake,WhiteHake,1.550
WhiteHake,OceanPout,0.410
WhiteHake,OtherDemersals,3.120
WhiteHake,Windowpane,0.030
WhiteHake,YTFlounder,0.020
WhiteHake,SmFlatfishes,0.030
WhiteHake,Illex,0.830
WhiteHake,OtherCephalopods,0.510
WhiteHake,Macrobenthos,1.640
WhiteHake,Megabenthos,1.250
WhiteHake,OtherShrimps,12.150
WhiteHake,Krill,4.360
WhiteHake,Micronekton,8.690
WhiteHake,GelZooplankton,0.010
WhiteHake,Import,0.972
Redfish,Macrobenthos,0.140
Redfish,OtherShrimps,53.710
Redfish,Krill,20.040
Redfish,Micronekton,26.120
Pollock,AtlHerring,13.250
Pollock,AtlMackerel,0.024
Pollock,Butterfish,6.250
Pollock,SmPelagics,2.210
Pollock,Mesopelagics,1.530
Pollock,OtherPelagics,0.020
Pollock,Haddock,0.270
Pollock,SilverHake,2.090
Pollock,RedHake,0.010
Pollock,OtherDemersals,0.040
Pollock,Illex,0.930
Pollock,OtherCephalopods,0.980
Pollock,Macrobenthos,3.320
Pollock,AtlScallop,0.730
Pollock,OtherShrimps,3.620
Pollock,Krill,46.020
Pollock,Micronekton,18.460
Pollock,GelZooplankton,0.030
Pollock,Import,0.216
OceanPout,Macrobenthos,72.720
OceanPout,Megabenthos,16.630
OceanPout,AtlScallop,10.550
OceanPout,OtherShrimps,0.060
OceanPout,Krill,0.010
OceanPout,Micronekton,0.020
BlackSeaBass,Butterfish,1.610
BlackSeaBass,Scup,0.690
BlackSeaBass,OtherDemersals,0.860
BlackSeaBass,Loligo,3.450
BlackSeaBass,OtherCephalopods,0.830
BlackSeaBass,Macrobenthos,15.060
BlackSeaBass,Megabenthos,72.370
BlackSeaBass,OtherShrimps,0.800
BlackSeaBass,Krill,0.010
BlackSeaBass,Micronekton,4.320
Bluefish,AtlHerring,22.630
Bluefish,AtlMackerel,0.101
Bluefish,Butterfish,2.740
Bluefish,SmPelagics,37.150
Bluefish,OtherPelagics,7.700
Bluefish,Haddock,1.150
Bluefish,SilverHake,9.830
Bluefish,RedHake,2.050
Bluefish,WhiteHake,0.100
Bluefish,OceanPout,0.880
Bluefish,Scup,0.260
Bluefish,OtherDemersals,1.770
Bluefish,Windowpane,0.150
Bluefish,WinterFlounder,0.560
Bluefish,YTFlounder,0.080
Bluefish,SmFlatfishes,0.020
Bluefish,Illex,5.810
Bluefish,Loligo,4.940
Bluefish,OtherCephalopods,1.090
Bluefish,Macrobenthos,0.050
Bluefish,Megabenthos,0.020
Bluefish,Micronekton,0.010
Bluefish,Import,0.909
Scup,Loligo,0.120
Scup,Macrobenthos,97.300
Scup,Megabenthos,1.150
Scup,OtherShrimps,0.310
Scup,Krill,0.390
Scup,Micronekton,0.720
OtherDemersals,AtlHerring,0.660
OtherDemersals,AtlMackerel,0.005
OtherDemersals,Butterfish,10.290
OtherDemersals,SmPelagics,0.100
OtherDemersals,Cod,0.170
OtherDemersals,Haddock,2.540
OtherDemersals,Goosefish,0.010
OtherDemersals,SilverHake,0.090
OtherDemersals,RedHake,1.060
OtherDemersals,WhiteHake,0.010
OtherDemersals,Redfish,0.010
OtherDemersals,Pollock,0.100
OtherDemersals,OceanPout,0.090
OtherDemersals,Scup,0.200
OtherDemersals,OtherDemersals,6.380
OtherDemersals,Fourspot,0.240
OtherDemersals,AmPlaice,0.030
OtherDemersals,Windowpane,1.160
OtherDemersals,WinterFlounder,1.380
OtherDemersals,WitchFlounder,0.010
OtherDemersals,YTFlounder,0.490
OtherDemersals,SmFlatfishes,0.010
OtherDemersals,SpinyDogfish,1.410
OtherDemersals,WinterSkate,2.430
OtherDemersals,LittleSkate,0.460
OtherDemersals,Illex,0.150
OtherDemersals,Loligo,0.850
OtherDemersals,AmLobster,1.000
OtherDemersals,Macrobenthos,48.500
OtherDemersals,Megabenthos,12.320
OtherDemersals,AtlScallop,1.330
OtherDemersals,OceanQuahog,0.400
OtherDemersals,SurfClam,2.670
OtherDemersals,OtherShrimps,0.600
OtherDemersals,Krill,0.020
OtherDemersals,Micronekton,0.080
OtherDemersals,GelZooplankton,0.500
OtherDemersals,Detritus,2.200
OtherDemersals,Import,0.045
SouthernDemersals,AtlHerring,0.660
SouthernDemersals,AtlMackerel,0.005
SouthernDemersals,Butterfish,10.290
SouthernDemersals,SmPelagics,0.100
SouthernDemersals,Cod,0.170
SouthernDemersals,Haddock,2.540
SouthernDemersals,Goosefish,0.010
SouthernDemersals,SilverHake,0.090
SouthernDemersals,RedHake,1.060
SouthernDemersals,WhiteHake,0.010
SouthernDemersals,Redfish,0.010
SouthernDemersals,Pollock,0.100
SouthernDemersals,OceanPout,0.090
SouthernDemersals,Scup,0.200
SouthernDemersals,OtherDemersals,0.380
SouthernDemersals,Fourspot,0.240
SouthernDemersals,AmPlaice,0.030
SouthernDemersals,Windowpane,1.160
SouthernDemersals,WinterFlounder,1.380
SouthernDemersals,WitchFlounder,0.010
SouthernDemersals,YTFlounder,0.490
SouthernDemersals,SmFlatfishes,0.010
SouthernDemersals,SpinyDogfish,1.410
SouthernDemersals,WinterSkate,2.430
SouthernDemersals,LittleSkate,0.460
SouthernDemersals,Illex,0.150
SouthernDemersals,Loligo,0.850
SouthernDemersals,AmLobster,13.180
SouthernDemersals,Macrobenthos,48.500
SouthernDemersals,Megabenthos,0.120
SouthernDemersals,AtlScallop,1.330
SouthernDemersals,OceanQuahog,6.400
SouthernDemersals,SurfClam,2.670
SouthernDemersals,OtherShrimps,0.600
SouthernDemersals,Krill,0.020
SouthernDemersals,Micronekton,0.080
SouthernDemersals,GelZooplankton,0.500
SouthernDemersals,Detritus,2.200
SouthernDemersals,Import,0.045
Fourspot,SeaBirds,0.010
Fourspot,Butterfish,0.310
Fourspot,SmPelagics,3.990
Fourspot,Mesopelagics,0.100
Fourspot,Haddock,0.080
Fourspot,Goosefish,0.140
Fourspot,SilverHake,15.550
Fourspot,RedHake,0.690
Fourspot,OceanPout,0.080
Fourspot,Scup,0.070
Fourspot,OtherDemersals,2.530
Fourspot,Fourspot,0.010
Fourspot,Windowpane,0.090
Fourspot,SmFlatfishes,0.230
Fourspot,LittleSkate,0.830
Fourspot,OtherSkates,0.250
Fourspot,Illex,3.220
Fourspot,Loligo,5.390
Fourspot,OtherCephalopods,3.360
Fourspot,Macrobenthos,7.070
Fourspot,Megabenthos,19.010
Fourspot,OtherShrimps,24.990
Fourspot,Krill,2.010
Fourspot,Micronekton,9.960
Fourspot,GelZooplankton,0.040
SummerFlounder,AtlHerring,3.150
SummerFlounder,AtlMackerel,0.370
SummerFlounder,Butterfish,2.210
SummerFlounder,SmPelagics,16.780
SummerFlounder,Haddock,3.220
SummerFlounder,SilverHake,15.140
SummerFlounder,RedHake,12.880
SummerFlounder,OceanPout,0.290
SummerFlounder,Scup,1.060
SummerFlounder,OtherDemersals,3.510
SummerFlounder,Windowpane,1.940
SummerFlounder,SmFlatfishes,3.040
SummerFlounder,Illex,5.210
SummerFlounder,Loligo,16.750
SummerFlounder,OtherCephalopods,6.370
SummerFlounder,Macrobenthos,0.230
SummerFlounder,Megabenthos,4.180
SummerFlounder,OtherShrimps,0.100
SummerFlounder,Krill,0.040
SummerFlounder,Micronekton,0.220
SummerFlounder,Import,3.330
AmPlaice,SilverHake,3.860
AmPlaice,RedHake,0.710
AmPlaice,OtherDemersals,0.210
AmPlaice,Loligo,4.250
AmPlaice,Macrobenthos,74.540
AmPlaice,Megabenthos,4.900
AmPlaice,AtlScallop,1.560
AmPlaice,OtherShrimps,1.990
AmPlaice,Krill,0.210
AmPlaice,Micronekton,7.790
Windowpane,Butterfish,0.010
Windowpane,SmPelagics,30.950
Windowpane,Mesopelagics,0.010
Windowpane,Cod,0.030
Windowpane,SilverHake,1.540
Windowpane,RedHake,0.150
Windowpane,OtherDemersals,2.850
Windowpane,Windowpane,0.120
Windowpane,SmFlatfishes,0.010
Windowpane,Loligo,0.100
Windowpane,OtherCephalopods,0.030
Windowpane,Macrobenthos,23.920
Windowpane,Megabenthos,1.090
Windowpane,OtherShrimps,9.750
Windowpane,Krill,2.440
Windowpane,Micronekton,26.990
WinterFlounder,SmPelagics,0.060
WinterFlounder,OtherCephalopods,0.050
WinterFlounder,Macrobenthos,89.650
WinterFlounder,Megabenthos,2.250
WinterFlounder,AtlScallop,0.260
WinterFlounder,SurfClam,0.140
WinterFlounder,OtherShrimps,0.030
WinterFlounder,Krill,0.010
WinterFlounder,Micronekton,0.110
WinterFlounder,GelZooplankton,7.430
WitchFlounder,Macrobenthos,95.950
WitchFlounder,OtherShrimps,3.780
WitchFlounder,Krill,0.080
WitchFlounder,Micronekton,0.190
YTFlounder,SmPelagics,10.920
YTFlounder,SilverHake,0.210
YTFlounder,OtherDemersals,0.070
YTFlounder,OtherCephalopods,0.020
YTFlounder,Macrobenthos,76.430
YTFlounder,Megabenthos,3.470
YTFlounder,SurfClam,0.040
YTFlounder,OtherShrimps,4.090
YTFlounder,Krill,0.370
YTFlounder,Micronekton,3.940
YTFlounder,GelZooplankton,0.430
SmFlatfishes,Macrobenthos,91.520
SmFlatfishes,Megabenthos,2.530
SmFlatfishes,OtherShrimps,0.960
SmFlatfishes,Krill,1.370
SmFlatfishes,Micronekton,3.620
SpinyDogfish,Sharks,0.010
SpinyDogfish,AtlHerring,5.245
SpinyDogfish,AtlMackerel,0.012
SpinyDogfish,Butterfish,0.205
SpinyDogfish,SmPelagics,5.270
SpinyDogfish,OtherPelagics,0.145
SpinyDogfish,Cod,0.035
SpinyDogfish,Haddock,0.065
SpinyDogfish,Goosefish,0.020
SpinyDogfish,SilverHake,0.340
SpinyDogfish,RedHake,0.240
SpinyDogfish,WhiteHake,0.025
SpinyDogfish,OceanPout,0.100
SpinyDogfish,Bluefish,0.015
SpinyDogfish,Scup,0.020
SpinyDogfish,OtherDemersals,0.735
SpinyDogfish,Fourspot,0.055
SpinyDogfish,AmPlaice,0.015
SpinyDogfish,Windowpane,0.020
SpinyDogfish,WinterFlounder,0.015
SpinyDogfish,YTFlounder,0.010
SpinyDogfish,SmFlatfishes,0.015
SpinyDogfish,SpinyDogfish,0.005
SpinyDogfish,OtherSkates,0.020
SpinyDogfish,Illex,2.160
SpinyDogfish,Loligo,2.135
SpinyDogfish,OtherCephalopods,1.445
SpinyDogfish,AmLobster,0.015
SpinyDogfish,Macrobenthos,3.170
SpinyDogfish,Megabenthos,0.795
SpinyDogfish,AtlScallop,0.070
SpinyDogfish,SurfClam,0.035
SpinyDogfish,OtherShrimps,0.060
SpinyDogfish,Krill,0.520
SpinyDogfish,Micronekton,0.925
SpinyDogfish,GelZooplankton,25.935
SpinyDogfish,Import,50.104
SmoothDogfish,AtlHerring,0.020
SmoothDogfish,SmPelagics,0.160
SmoothDogfish,OtherPelagics,0.060
SmoothDogfish,Cod,0.010
SmoothDogfish,OceanPout,0.050
SmoothDogfish,Scup,0.050
SmoothDogfish,OtherDemersals,0.980
SmoothDogfish,Windowpane,0.050
SmoothDogfish,OtherSkates,0.020
SmoothDogfish,Loligo,0.600
SmoothDogfish,OtherCephalopods,0.270
SmoothDogfish,AmLobster,0.170
SmoothDogfish,Macrobenthos,2.480
SmoothDogfish,Megabenthos,94.980
SmoothDogfish,SurfClam,0.070
SmoothDogfish,OtherShrimps,0.010
SmoothDogfish,Micronekton,0.010
SmoothDogfish,GelZooplankton,0.010
Barndoor,AtlHerring,1.190
Barndoor,SmPelagics,1.270
Barndoor,Haddock,3.200
Barndoor,Goosefish,0.550
Barndoor,SilverHake,4.060
Barndoor,RedHake,3.180
Barndoor,OceanPout,0.530
Barndoor,BlackSeaBass,0.200
Barndoor,OtherDemersals,7.480
Barndoor,Fourspot,0.780
Barndoor,Windowpane,0.060
Barndoor,SmFlatfishes,0.570
Barndoor,OtherSkates,0.090
Barndoor,Loligo,0.260
Barndoor,OtherCephalopods,0.140
Barndoor,AmLobster,0.180
Barndoor,Macrobenthos,1.550
Barndoor,Megabenthos,68.600
Barndoor,OtherShrimps,4.140
Barndoor,Krill,0.600
Barndoor,Micronekton,1.370
WinterSkate,AtlHerring,1.180
WinterSkate,AtlMackerel,0.018
WinterSkate,Butterfish,0.210
WinterSkate,SmPelagics,42.870
WinterSkate,OtherPelagics,0.180
WinterSkate,Haddock,0.480
WinterSkate,SilverHake,1.050
WinterSkate,RedHake,0.420
WinterSkate,OceanPout,0.040
WinterSkate,Scup,0.070
WinterSkate,OtherDemersals,1.590
WinterSkate,Windowpane,0.040
WinterSkate,LittleSkate,0.010
WinterSkate,OtherSkates,0.030
WinterSkate,Illex,0.080
WinterSkate,Loligo,1.490
WinterSkate,OtherCephalopods,0.190
WinterSkate,AmLobster,0.010
WinterSkate,Macrobenthos,43.880
WinterSkate,Megabenthos,2.890
WinterSkate,AtlScallop,0.010
WinterSkate,SurfClam,0.060
WinterSkate,OtherShrimps,2.490
WinterSkate,Krill,0.060
WinterSkate,Micronekton,0.480
WinterSkate,GelZooplankton,0.010
WinterSkate,Import,0.162
LittleSkate,AtlHerring,0.010
LittleSkate,Butterfish,0.030
LittleSkate,SmPelagics,0.730
LittleSkate,Haddock,0.070
LittleSkate,SilverHake,0.670
LittleSkate,RedHake,0.140
LittleSkate,OceanPout,0.020
LittleSkate,Scup,0.040
LittleSkate,OtherDemersals,1.610
LittleSkate,WinterFlounder,0.020
LittleSkate,YTFlounder,0.020
LittleSkate,SmFlatfishes,0.100
LittleSkate,Loligo,0.280
LittleSkate,OtherCephalopods,0.140
LittleSkate,Macrobenthos,53.690
LittleSkate,Megabenthos,29.420
LittleSkate,SurfClam,0.010
LittleSkate,OtherShrimps,8.630
LittleSkate,Krill,1.120
LittleSkate,Micronekton,3.230
LittleSkate,GelZooplankton,0.010
OtherSkates,AtlHerring,2.080
OtherSkates,SmPelagics,2.470
OtherSkates,Mesopelagics,0.090
OtherSkates,Haddock,0.990
OtherSkates,Goosefish,0.990
OtherSkates,SilverHake,0.060
OtherSkates,RedHake,1.490
OtherSkates,BlackSeaBass,0.200
OtherSkates,OtherDemersals,1.950
OtherSkates,WinterFlounder,0.010
OtherSkates,WitchFlounder,0.030
OtherSkates,YTFlounder,0.010
OtherSkates,SmFlatfishes,0.090
OtherSkates,OtherSkates,0.010
OtherSkates,OtherCephalopods,0.120
OtherSkates,Macrobenthos,59.140
OtherSkates,Megabenthos,9.330
OtherSkates,AtlScallop,0.020
OtherSkates,OtherShrimps,7.560
OtherSkates,Krill,5.720
OtherSkates,Micronekton,7.630
Illex,AtlHerring,0.100
Illex,AtlMackerel,0.001
Illex,Butterfish,1.500
Illex,SmPelagics,1.810
Illex,Illex,1.180
Illex,Loligo,6.510
Illex,OtherCephalopods,0.010
Illex,Macrobenthos,11.700
Illex,OtherShrimps,1.100
Illex,Krill,7.740
Illex,Micronekton,55.450
Illex,LgCopepods,12.900
Illex,Import,0.009
Loligo,AtlHerring,0.100
Loligo,AtlMackerel,0.001
Loligo,Butterfish,1.500
Loligo,SmPelagics,1.810
Loligo,Illex,1.180
Loligo,Loligo,0.510
Loligo,OtherCephalopods,0.010
Loligo,Macrobenthos,11.700
Loligo,OtherShrimps,1.100
Loligo,Krill,13.740
Loligo,Micronekton,55.450
Loligo,LgCopepods,12.900
Loligo,Import,0.009
OtherCephalopods,AtlHerring,0.100
OtherCephalopods,AtlMackerel,0.001
OtherCephalopods,Butterfish,1.500
OtherCephalopods,SmPelagics,1.810
OtherCephalopods,Illex,1.180
OtherCephalopods,Loligo,6.510
OtherCephalopods,OtherCephalopods,0.010
OtherCephalopods,Macrobenthos,11.700
OtherCephalopods,OtherShrimps,1.100
OtherCephalopods,Krill,7.740
OtherCephalopods,Micronekton,55.450
OtherCephalopods,LgCopepods,12.900
OtherCephalopods,Import,0.009
AmLobster,Haddock,0.100
AmLobster,RedHake,0.040
AmLobster,Scup,0.010
AmLobster,OtherDemersals,0.010
AmLobster,Fourspot,0.010
AmLobster,Windowpane,0.050
AmLobster,WinterFlounder,0.050
AmLobster,YTFlounder,0.020
AmLobster,WinterSkate,0.170
AmLobster,LittleSkate,0.030
AmLobster,AmLobster,4.460
AmLobster,Macrobenthos,49.700
AmLobster,Megabenthos,0.040
AmLobster,AtlScallop,0.610
AmLobster,OceanQuahog,0.950
AmLobster,SurfClam,2.230
AmLobster,Bacteria,17.600
AmLobster,LgCopepods,0.500
AmLobster,Detritus,23.400
Macrobenthos,Haddock,0.020
Macrobenthos,RedHake,0.010
Macrobenthos,Windowpane,0.010
Macrobenthos,WinterFlounder,0.010
Macrobenthos,WinterSkate,0.030
Macrobenthos,Macrobenthos,7.830
Macrobenthos,AtlScallop,0.360
Macrobenthos,OceanQuahog,0.020
Macrobenthos,SurfClam,0.470
Macrobenthos,Bacteria,23.210
Macrobenthos,LgCopepods,0.469
Macrobenthos,SmCopepods,0.381
Macrobenthos,Phytoplankton,23.070
Macrobenthos,Detritus,44.120
Megabenthos,Haddock,0.100
Megabenthos,RedHake,0.040
Megabenthos,Scup,0.010
Megabenthos,OtherDemersals,0.010
Megabenthos,Fourspot,0.010
Megabenthos,Windowpane,0.050
Megabenthos,WinterFlounder,0.050
Megabenthos,YTFlounder,0.020
Megabenthos,WinterSkate,0.170
Megabenthos,LittleSkate,0.030
Megabenthos,AmLobster,0.100
Megabenthos,Macrobenthos,50.200
Megabenthos,Megabenthos,4.410
Megabenthos,AtlScallop,0.610
Megabenthos,OceanQuahog,0.150
Megabenthos,SurfClam,4.030
Megabenthos,Bacteria,17.600
Megabenthos,Detritus,22.400
AtlScallop,Bacteria,8.000
AtlScallop,Phytoplankton,69.000
AtlScallop,Detritus,23.000
OceanQuahog,Bacteria,8.000
OceanQuahog,Phytoplankton,69.000
OceanQuahog,Detritus,23.000
SurfClam,Bacteria,8.000
SurfClam,Phytoplankton,69.000
SurfClam,Detritus,23.000
OtherShrimps,Macrobenthos,2.200
OtherShrimps,OtherShrimps,0.050
OtherShrimps,Krill,2.090
OtherShrimps,Micronekton,10.210
OtherShrimps,Bacteria,36.550
OtherShrimps,Phytoplankton,6.200
OtherShrimps,Detritus,42.700
Krill,Krill,0.700
Krill,Micronekton,3.400
Krill,LgCopepods,27.292
Krill,SmCopepods,36.108
Krill,Phytoplankton,16.200
Krill,Detritus,16.300
Micronekton,Krill,0.700
Micronekton,Micronekton,3.400
Micronekton,LgCopepods,27.292
Micronekton,SmCopepods,36.108
Micronekton,Phytoplankton,16.200
Micronekton,Detritus,16.300
GelZooplankton,AtlHerring,0.030
GelZooplankton,Butterfish,0.100
GelZooplankton,SmPelagics,0.200
GelZooplankton,Illex,0.010
GelZooplankton,Loligo,0.040
GelZooplankton,Micronekton,1.370
GelZooplankton,GelZooplankton,2.100
GelZooplankton,Microzooplankton,5.100
GelZooplankton,Bacteria,2.000
GelZooplankton,LgCopepods,30.691
GelZooplankton,SmCopepods,39.469
GelZooplankton,Phytoplankton,8.700
GelZooplankton,Detritus,10.200
Microzooplankton,Microzooplankton,12.000
Microzooplankton,Bacteria,16.000
Microzooplankton,Phytoplankton,21.600
Microzooplankton,Detritus,50.400
Bacteria,Phytoplankton,24.000
Bacteria,Detritus,76.000
LgCopepods,Macrobenthos,0.029
LgCopepods,GelZooplankton,5.314
LgCopepods,Microzooplankton,4.387
LgCopepods,LgCopepods,10.244
LgCopepods,SmCopepods,19.436
LgCopepods,Phytoplankton,54.649
LgCopepods,Detritus,5.940
SmCopepods,Microzooplankton,8.000
SmCopepods,LgCopepods,0.250
SmCopepods,SmCopepods,6.250
SmCopepods,Phytoplankton,72.438
SmCopepods,Detritus,13.063