pred,prey,prop
AmLobster,AmLobster,0.057474522
AmLobster,AtlCroaker,0.054829639
AmLobster,AtlScallop,0.830677241
AmLobster,Bacteria,19.21818
AmLobster,BlackSeaBass,0.00174975
AmLobster,Cod,4.28E-05
AmLobster,Fourspot,0.015009094
AmLobster,Goosefish,0.000191014
AmLobster,LgCopepods,0.312471076
AmLobster,LittleSkate,0.030879131
AmLobster,Macrobenthos,47.065229
AmLobster,Megabenthos,6.858970237
AmLobster,OceanPout,0.002142813
AmLobster,OtherDemersals,0.024556883
AmLobster,OtherSkates,0.15804998
AmLobster,RedHake,0.032139972
AmLobster,Scup,0.031628567
AmLobster,SilverHake,0.000364048
AmLobster,SmCopepods,0.687528924
AmLobster,SmFlatfishes,0.000786187
AmLobster,SmoothDogfish,0.000590147
AmLobster,SouthernDemersals,0.058882176
AmLobster,SpinyDogfish,0.002811645
AmLobster,SummerFlounder,0.000100334
AmLobster,Weakfish,0.017133068
AmLobster,Windowpane,0.005559457
AmLobster,WinterFlounder,0.007955601
AmLobster,WinterSkate,0.010695639
AmLobster,YTFlounder,0.010176943
AmLobster,Detritus,24.503182
RiverHerring,GelZooplankton,0.043082796
RiverHerring,LgCopepods,36.88196607
RiverHerring,Macrobenthos,24.82629138
RiverHerring,Megabenthos,0.203038689
RiverHerring,Micronekton,10.53984237
RiverHerring,OtherCephalopods,0.042789145
RiverHerring,OtherDemersals,0.043837899
RiverHerring,OtherShrimps,3.898049173
RiverHerring,Phytoplankton,0.009229031
RiverHerring,SilverHake,0.28014305
RiverHerring,SmPelagics,3.812261132
RiverHerring,Krill,19.41946926
AtlCroaker,AmLobster,0.202924607
AtlCroaker,Butterfish,0.091992489
AtlCroaker,GelZooplankton,0.077787766
AtlCroaker,LgCopepods,0.041937752
AtlCroaker,Loligo,1.978822382
AtlCroaker,Macrobenthos,80.01361987
AtlCroaker,Megabenthos,8.449586945
AtlCroaker,Micronekton,1.791188452
AtlCroaker,OtherCephalopods,0.987627914
AtlCroaker,OtherDemersals,1.089028726
AtlCroaker,OtherShrimps,1.107840452
AtlCroaker,SmFlatfishes,0.067641536
AtlCroaker,SmPelagics,3.021118616
AtlCroaker,SurfClam,0.953745654
AtlCroaker,Krill,0.125136841
AtlMackerel,Butterfish,0.006710271
AtlMackerel,GelZooplankton,1.027200103
AtlMackerel,Illex,0.147625955
AtlMackerel,LgCopepods,3.541902102
AtlMackerel,Loligo,3.782579584
AtlMackerel,Macrobenthos,15.77620466
AtlMackerel,Megabenthos,0.112956223
AtlMackerel,Mesopelagics,0.178940552
AtlMackerel,Micronekton,4.657273291
AtlMackerel,OtherCephalopods,1.916005956
AtlMackerel,OtherDemersals,0.464127056
AtlMackerel,OtherShrimps,1.494086503
AtlMackerel,SmCopepods,60
AtlMackerel,SmFlatfishes,0.015657298
AtlMackerel,SmPelagics,2.50322947
AtlMackerel,Krill,4.348212538
AtlScallop,Bacteria,8
AtlScallop,Phytoplankton,69
AtlScallop,Detritus,23
Bacteria,Phytoplankton,15
Bacteria,Detritus,85
BaleenWhales,RiverHerring,0.189049241
BaleenWhales,AtlCroaker,0.32222791
BaleenWhales,AtlMackerel,0.145644731
BaleenWhales,BlackSeaBass,0.009578704
BaleenWhales,Butterfish,15.17502603
BaleenWhales,Cod,0.051890797
BaleenWhales,Fourspot,0.088206835
BaleenWhales,Goosefish,0.231523763
BaleenWhales,Illex,0.429245181
BaleenWhales,LgCopepods,15.3928
BaleenWhales,LittleSkate,0.169042481
BaleenWhales,Loligo,2.713431036
BaleenWhales,Micronekton,46.47990875
BaleenWhales,OceanPout,0.012593085
BaleenWhales,OtherCephalopods,0.000276782
BaleenWhales,OtherDemersals,0.144318171
BaleenWhales,OtherSkates,0.86521738
BaleenWhales,RedHake,0.188883169
BaleenWhales,Scup,0.185877698
BaleenWhales,SilverHake,0.441255492
BaleenWhales,SmFlatfishes,0.004620337
BaleenWhales,SmoothDogfish,0.715305495
BaleenWhales,SmPelagics,4.805105501
BaleenWhales,SouthernDemersals,0.346044238
BaleenWhales,SpinyDogfish,3.407936238
BaleenWhales,SummerFlounder,0.121613215
BaleenWhales,Weakfish,0.100689207
BaleenWhales,Windowpane,0.03267233
BaleenWhales,WinterFlounder,0.046754217
BaleenWhales,WinterSkate,0.058551435
BaleenWhales,YTFlounder,0.059808802
BaleenWhales,Krill,3.76864125
BaleenWhales,AtlMenhaden,3.296255499
BlackSeaBass,AmLobster,0.291512795
BlackSeaBass,AtlScallop,0.394248599
BlackSeaBass,BlackSeaBass,0.260827238
BlackSeaBass,Butterfish,2.555723361
BlackSeaBass,GelZooplankton,0.206500411
BlackSeaBass,Illex,0.337541131
BlackSeaBass,LgCopepods,0.009842671
BlackSeaBass,Loligo,4.691089456
BlackSeaBass,Macrobenthos,25.57080109
BlackSeaBass,Megabenthos,50.76284561
BlackSeaBass,Mesopelagics,0.375116991
BlackSeaBass,Micronekton,0.997142251
BlackSeaBass,OceanQuahog,0.030685557
BlackSeaBass,OtherCephalopods,1.480201549
BlackSeaBass,OtherDemersals,4.717404414
BlackSeaBass,OtherShrimps,1.223472088
BlackSeaBass,RedHake,0.069042504
BlackSeaBass,Scup,1.710343229
BlackSeaBass,Sharks,0.061371115
BlackSeaBass,SilverHake,0.026849863
BlackSeaBass,SmFlatfishes,0.032219835
BlackSeaBass,SmPelagics,2.725672531
BlackSeaBass,SouthernDemersals,0.032367684
BlackSeaBass,SurfClam,0.492503196
BlackSeaBass,Windowpane,0.068107989
BlackSeaBass,Krill,0.87656684
Bluefish,RiverHerring,0.495182268
Bluefish,AtlCroaker,0.174439208
Bluefish,AtlMackerel,1.223905448
Bluefish,BlackSeaBass,0.068425186
Bluefish,Bluefish,6.561165049
Bluefish,Butterfish,12.75629055
Bluefish,GelZooplankton,0.73631557
Bluefish,Illex,1.615206393
Bluefish,LgCopepods,4.09E-06
Bluefish,LittleSkate,0.425406585
Bluefish,Loligo,19.92577594
Bluefish,Macrobenthos,11.50803728
Bluefish,Megabenthos,0.606851169
Bluefish,Mesopelagics,0.153320298
Bluefish,Micronekton,0.221853933
Bluefish,OceanPout,0.830325834
Bluefish,OceanQuahog,0.017331379
Bluefish,OtherCephalopods,0.131129406
Bluefish,OtherDemersals,2.946797129
Bluefish,OtherPelagics,0.89694083
Bluefish,OtherShrimps,0.059962071
Bluefish,OtherSkates,0.011254142
Bluefish,RedHake,0.937542502
Bluefish,Scup,3.037990276
Bluefish,SilverHake,1.30547234
Bluefish,SmFlatfishes,0.162059651
Bluefish,SmPelagics,23.83732259
Bluefish,SouthernDemersals,0.804159633
Bluefish,SpinyDogfish,0.257776133
Bluefish,SummerFlounder,0.59646955
Bluefish,Weakfish,0.92229539
Bluefish,Windowpane,0.461913104
Bluefish,WinterFlounder,0.225082849
Bluefish,YTFlounder,0.112541425
Bluefish,Krill,0.169262302
Bluefish,AtlMenhaden,5.756669326
Butterfish,GelZooplankton,34.93308023
Butterfish,Illex,0.393770486
Butterfish,LgCopepods,1.953504333
Butterfish,Loligo,2.231158248
Butterfish,Macrobenthos,40.83993106
Butterfish,Megabenthos,0.429356599
Butterfish,Micronekton,13.52717246
Butterfish,OtherCephalopods,0.320329525
Butterfish,OtherShrimps,0.545212826
Butterfish,Phytoplankton,1.831820303
Butterfish,Krill,2.994663927
Cod,AmLobster,0.201026454
Cod,RiverHerring,0.885431756
Cod,AtlMackerel,3.117494314
Cod,AtlScallop,3.044361779
Cod,BlackSeaBass,0.02112362
Cod,Cod,0.369663357
Cod,Fourspot,0.211236204
Cod,GelZooplankton,0.015711493
Cod,Goosefish,0.295730686
Cod,LgCopepods,0.011675601
Cod,LittleSkate,1.163559425
Cod,Macrobenthos,21.5897711
Cod,Megabenthos,16.26496048
Cod,Micronekton,1.16429075
Cod,OceanPout,3.481467096
Cod,OceanQuahog,3.131224667
Cod,OtherCephalopods,0.429568025
Cod,OtherDemersals,6.551746917
Cod,OtherPelagics,2.052511784
Cod,OtherShrimps,5.470391981
Cod,OtherSkates,0.735454051
Cod,RedHake,3.49701536
Cod,SilverHake,1.96444549
Cod,SmFlatfishes,0.360611502
Cod,SmPelagics,18.25651974
Cod,SpinyDogfish,2.434065179
Cod,Windowpane,1.323205987
Cod,WinterFlounder,1.800388572
Cod,Krill,0.155346625
Fourspot,AmLobster,0.001214753
Fourspot,AtlScallop,0.005533873
Fourspot,BlackSeaBass,0.264208679
Fourspot,Butterfish,1.679462882
Fourspot,Cod,0.040884399
Fourspot,Fourspot,0.02125817
Fourspot,GelZooplankton,0.003171854
Fourspot,Goosefish,0.067486253
Fourspot,Illex,3.145282694
Fourspot,LgCopepods,0.004325869
Fourspot,LittleSkate,0.676887114
Fourspot,Loligo,50.616774
Fourspot,Macrobenthos,2.500474557
Fourspot,Megabenthos,11.72046694
Fourspot,Mesopelagics,0.171415082
Fourspot,Micronekton,4.076096404
Fourspot,OceanPout,0.028344226
Fourspot,OtherCephalopods,3.554866867
Fourspot,OtherDemersals,3.021427629
Fourspot,OtherShrimps,9.407972518
Fourspot,OtherSkates,0.306387587
Fourspot,RedHake,0.174451963
Fourspot,Scup,0.440894437
Fourspot,Sharks,0.011472663
Fourspot,SilverHake,4.234644925
Fourspot,SmFlatfishes,1.019111005
Fourspot,SmPelagics,1.65053582
Fourspot,YTFlounder,0.000141108
Fourspot,Krill,1.154805736
GelZooplankton,RiverHerring,0.01812235
GelZooplankton,AtlMackerel,0.013961573
GelZooplankton,Bacteria,2.024491742
GelZooplankton,Butterfish,1.454685173
GelZooplankton,GelZooplankton,2.226934212
GelZooplankton,Illex,0.016553478
GelZooplankton,LgCopepods,25.30380448
GelZooplankton,Loligo,0.104641174
GelZooplankton,Mesopelagics,0.100372926
GelZooplankton,Micronekton,1.012245371
GelZooplankton,Microzooplankton,5.061229854
GelZooplankton,OtherCephalopods,1.07E-05
GelZooplankton,Phytoplankton,8.604088651
GelZooplankton,SmCopepods,52.63913308
GelZooplankton,SmPelagics,0.24273617
GelZooplankton,AtlMenhaden,0.164743727
GelZooplankton,Detritus,1.012245371
Goosefish,AmLobster,0.005236557
Goosefish,RiverHerring,0.222927692
Goosefish,AtlMackerel,1.53850762
Goosefish,AtlScallop,0.0094311
Goosefish,BlackSeaBass,0.379351116
Goosefish,Butterfish,3.650535894
Goosefish,Cod,0.07480795
Goosefish,Fourspot,0.726460006
Goosefish,GelZooplankton,0.019076027
Goosefish,Goosefish,7.652256032
Goosefish,Illex,5.083599427
Goosefish,LittleSkate,6.818945864
Goosefish,Loligo,11.1603358
Goosefish,Macrobenthos,12.45680324
Goosefish,Megabenthos,0.197379553
Goosefish,Mesopelagics,0.108315111
Goosefish,Micronekton,0.058295455
Goosefish,OceanPout,0.638485856
Goosefish,OtherCephalopods,0.516347877
Goosefish,OtherDemersals,8.95797986
Goosefish,OtherPelagics,5.820806615
Goosefish,OtherShrimps,0.180074719
Goosefish,OtherSkates,3.598332159
Goosefish,RedHake,2.765542132
Goosefish,Scup,5.306689928
Goosefish,SilverHake,0.411131489
Goosefish,SmFlatfishes,0.030816625
Goosefish,SmPelagics,14.90186793
Goosefish,SouthernDemersals,1.560025274
Goosefish,SpinyDogfish,0.503206532
Goosefish,SummerFlounder,2.494845143
Goosefish,Weakfish,0.05984636
Goosefish,Windowpane,0.382085687
Goosefish,WinterFlounder,0.072114864
Goosefish,YTFlounder,0.448847702
Goosefish,Krill,0.00394986
Goosefish,AtlMenhaden,1.175606939
HMS,RiverHerring,0.087253541
HMS,AtlMackerel,0.06722068
HMS,Butterfish,7.003861779
HMS,GelZooplankton,8.348995
HMS,Illex,0.206691133
HMS,Loligo,1.30657759
HMS,Mesopelagics,0.00346
HMS,OtherCephalopods,0.000133277
HMS,SmPelagics,49.19173777
HMS,AtlMenhaden,33.74505223
Illex,RiverHerring,0.019451836
Illex,AtlMackerel,0.014985818
Illex,Butterfish,2.461403346
Illex,GelZooplankton,3.41966
Illex,Illex,0.448960436
Illex,LgCopepods,25.07751
Illex,Loligo,2.838059069
Illex,Macrobenthos,10.258982
Illex,Mesopelagics,0.21009
Illex,Micronekton,48.73016425
Illex,OtherCephalopods,0.000289495
Illex,OtherShrimps,2.22018
Illex,SmPelagics,1.039829513
Illex,Krill,2.56474575
Illex,AtlMenhaden,0.695690087
LgCopepods,GelZooplankton,1.244644
LgCopepods,LgCopepods,8.697376162
LgCopepods,Macrobenthos,0.1209831
LgCopepods,Microzooplankton,6.755866
LgCopepods,Phytoplankton,62.15397
LgCopepods,SmCopepods,18.32479384
LgCopepods,Detritus,2.702347
LittleSkate,AmLobster,0.041615915
LittleSkate,AtlScallop,0.159688086
LittleSkate,BlackSeaBass,0.140393561
LittleSkate,Butterfish,0.078021995
LittleSkate,Fourspot,0.001227485
LittleSkate,GelZooplankton,0.009749297
LittleSkate,Goosefish,0.011277516
LittleSkate,Illex,0.01841227
LittleSkate,LgCopepods,0.106446398
LittleSkate,LittleSkate,0.01841227
LittleSkate,Loligo,0.778276455
LittleSkate,Macrobenthos,49.05975781
LittleSkate,Megabenthos,28.04301524
LittleSkate,Micronekton,2.789603068
LittleSkate,OceanPout,0.032190786
LittleSkate,OtherCephalopods,0.825097352
LittleSkate,OtherDemersals,3.942819464
LittleSkate,OtherPelagics,0.004603068
LittleSkate,OtherShrimps,10.68258399
LittleSkate,OtherSkates,0.009513006
LittleSkate,RedHake,0.080423262
LittleSkate,Scup,0.066974633
LittleSkate,SilverHake,0.189909986
LittleSkate,SmFlatfishes,0.25508521
LittleSkate,SmPelagics,1.865106071
LittleSkate,SurfClam,0.117454941
LittleSkate,Windowpane,0.009359571
LittleSkate,WinterFlounder,0.009250771
LittleSkate,Krill,0.653423659
Loligo,RiverHerring,0.019451836
Loligo,AtlMackerel,0.014985818
Loligo,Butterfish,0.961403346
Loligo,GelZooplankton,3.41966
Loligo,Illex,0.448960436
Loligo,LgCopepods,25.07751
Loligo,Loligo,2.838059069
Loligo,Macrobenthos,13.758982
Loligo,Mesopelagics,0.21009
Loligo,Micronekton,48.73016425
Loligo,OtherCephalopods,0.000289495
Loligo,OtherShrimps,0.22018
Loligo,SmPelagics,1.039829513
Loligo,Krill,2.56474575
Loligo,AtlMenhaden,0.695690087
Macrobenthos,AmLobster,0.005320178
Macrobenthos,AtlCroaker,0.005055238
Macrobenthos,AtlScallop,0.125263136
Macrobenthos,Bacteria,23.28030464
Macrobenthos,BlackSeaBass,0.000193915
Macrobenthos,Cod,1.05E-05
Macrobenthos,Fourspot,0.001383823
Macrobenthos,Goosefish,4.67E-05
Macrobenthos,LgCopepods,0.11771163
Macrobenthos,LittleSkate,0.003422161
Macrobenthos,Macrobenthos,7.451385022
Macrobenthos,Megabenthos,0.898284176
Macrobenthos,OceanPout,0.000197565
Macrobenthos,OtherDemersals,0.00226412
Macrobenthos,OtherSkates,0.013515792
Macrobenthos,Phytoplankton,26.6736368
Macrobenthos,RedHake,0.002963273
Macrobenthos,Scup,0.002916122
Macrobenthos,SilverHake,8.91E-05
Macrobenthos,SmCopepods,0.164822432
Macrobenthos,SmFlatfishes,7.25E-05
Macrobenthos,SmoothDogfish,0.000144415
Macrobenthos,SouthernDemersals,0.005428877
Macrobenthos,SpinyDogfish,0.000688037
Macrobenthos,SummerFlounder,2.46E-05
Macrobenthos,Weakfish,0.001579652
Macrobenthos,Windowpane,0.000512576
Macrobenthos,WinterFlounder,0.000733498
Macrobenthos,WinterSkate,0.001185338
Macrobenthos,YTFlounder,0.000938304
Macrobenthos,Detritus,41.23990022
Megabenthos,AmLobster,0.027515303
Megabenthos,AtlCroaker,0.026249094
Megabenthos,AtlScallop,0.397677703
Megabenthos,Bacteria,13.37058178
Megabenthos,BlackSeaBass,0.000837674
Megabenthos,Cod,2.05E-05
Megabenthos,Fourspot,0.007185441
Megabenthos,Goosefish,9.14E-05
Megabenthos,LittleSkate,0.014783048
Megabenthos,Macrobenthos,23.01070612
Megabenthos,Megabenthos,3.283657473
Megabenthos,OceanPout,0.001025849
Megabenthos,OtherDemersals,0.011756341
Megabenthos,OtherSkates,0.07566471
Megabenthos,Phytoplankton,35.96699974
Megabenthos,RedHake,0.015386662
Megabenthos,Scup,0.015141833
Megabenthos,SilverHake,0.000174284
Megabenthos,SmFlatfishes,0.000376378
Megabenthos,SmoothDogfish,0.000282527
Megabenthos,SouthernDemersals,0.028189202
Megabenthos,SpinyDogfish,0.001346044
Megabenthos,SummerFlounder,4.80E-05
Megabenthos,Weakfish,0.00820227
Megabenthos,Windowpane,0.002661529
Megabenthos,WinterFlounder,0.003808658
Megabenthos,WinterSkate,0.005120421
Megabenthos,YTFlounder,0.004872101
Megabenthos,Detritus,23.71963205
Mesopelagics,LgCopepods,7.90223066
Mesopelagics,Macrobenthos,83.55481728
Mesopelagics,Megabenthos,1.233981965
Mesopelagics,Micronekton,0.522069293
Mesopelagics,OtherShrimps,4.698623636
Mesopelagics,Krill,2.088277171
Micronekton,GelZooplankton,0.16
Micronekton,LgCopepods,22.79788967
Micronekton,Micronekton,4.292
Micronekton,Phytoplankton,18.24
Micronekton,SmCopepods,35.76211033
Micronekton,Krill,0.348
Micronekton,Detritus,18.4
Microzooplankton,Bacteria,15.77487
Microzooplankton,Microzooplankton,13.15228
Microzooplankton,Phytoplankton,21.32185
Microzooplankton,Detritus,49.75099
OceanPout,AmLobster,0.008942672
OceanPout,AtlScallop,2.81399087
OceanPout,GelZooplankton,0.056190959
OceanPout,Loligo,0.016473343
OceanPout,Macrobenthos,80.61062961
OceanPout,Megabenthos,15.69658224
OceanPout,Micronekton,0.244464414
OceanPout,OceanQuahog,0.071141309
OceanPout,OtherCephalopods,0.035300021
OceanPout,OtherShrimps,0.102838889
OceanPout,SurfClam,0.197680119
OceanPout,Krill,0.145765554
OceanQuahog,Bacteria,8
OceanQuahog,Phytoplankton,69
OceanQuahog,Detritus,23
Odontocetes,RiverHerring,0.408181135
Odontocetes,AtlMackerel,0.314465329
Odontocetes,BlackSeaBass,0.060300434
Odontocetes,Bluefish,0.099026084
Odontocetes,Butterfish,32.76479354
Odontocetes,Cod,0.072464353
Odontocetes,GelZooplankton,0.110156
Odontocetes,Goosefish,0.323317826
Odontocetes,Illex,3.821285701
Odontocetes,LittleSkate,1.064166422
Odontocetes,Loligo,24.15588029
Odontocetes,Mesopelagics,0.5298644
Odontocetes,Micronekton,2.547358425
Odontocetes,Odontocetes,0.0899836
Odontocetes,OtherCephalopods,0.00246401
Odontocetes,OtherPelagics,0.011129916
Odontocetes,OtherSkates,5.446768619
Odontocetes,SilverHake,0.616203557
Odontocetes,SmoothDogfish,0.998908339
Odontocetes,SmPelagics,12.54343796
Odontocetes,SpinyDogfish,4.759107754
Odontocetes,SummerFlounder,0.169830171
Odontocetes,WinterSkate,0.368596526
Odontocetes,Krill,0.206542575
Odontocetes,AtlMenhaden,8.515788138
OtherCephalopods,RiverHerring,0.019451836
OtherCephalopods,AtlMackerel,0.014985818
OtherCephalopods,Butterfish,2.461403346
OtherCephalopods,GelZooplankton,3.41966
OtherCephalopods,Illex,0.448960436
OtherCephalopods,LgCopepods,25.07751
OtherCephalopods,Loligo,2.838059069
OtherCephalopods,Macrobenthos,10.258982
OtherCephalopods,Mesopelagics,0.21009
OtherCephalopods,Micronekton,48.73016425
OtherCephalopods,OtherCephalopods,0.000289495
OtherCephalopods,OtherShrimps,2.22018
OtherCephalopods,SmPelagics,1.039829513
OtherCephalopods,Krill,2.56474575
OtherCephalopods,AtlMenhaden,0.695690087
OtherDemersals,AmLobster,0.3707666
OtherDemersals,RiverHerring,0.006652539
OtherDemersals,AtlCroaker,2.024659722
OtherDemersals,AtlMackerel,0.005125158
OtherDemersals,AtlScallop,2.139808045
OtherDemersals,BlackSeaBass,0.021665132
OtherDemersals,Butterfish,0.534000804
OtherDemersals,Cod,0.028528351
OtherDemersals,Fourspot,0.554231403
OtherDemersals,GelZooplankton,0.2269011
OtherDemersals,Goosefish,0.127286368
OtherDemersals,Illex,1.086115672
OtherDemersals,LittleSkate,0.382340637
OtherDemersals,Loligo,6.865772988
OtherDemersals,Macrobenthos,41.388353
OtherDemersals,Megabenthos,26.98655536
OtherDemersals,Micronekton,0.104941713
OtherDemersals,OceanPout,0.079126331
OtherDemersals,OtherCephalopods,0.00070034
OtherDemersals,OtherDemersals,0.906796647
OtherDemersals,OtherShrimps,0.293529
OtherDemersals,OtherSkates,1.956950473
OtherDemersals,RedHake,0.186812603
OtherDemersals,Scup,1.167928275
OtherDemersals,SilverHake,0.242591983
OtherDemersals,SmFlatfishes,0.029031035
OtherDemersals,SmoothDogfish,0.393258286
OtherDemersals,SmPelagics,2.018703258
OtherDemersals,SouthernDemersals,2.174305228
OtherDemersals,SpinyDogfish,1.873603901
OtherDemersals,SummerFlounder,0.066860111
OtherDemersals,Weakfish,0.632662084
OtherDemersals,Windowpane,0.20529057
OtherDemersals,WinterFlounder,0.293771508
OtherDemersals,WinterSkate,0.132431758
OtherDemersals,YTFlounder,0.375797594
OtherDemersals,Krill,0.008508788
OtherDemersals,AtlMenhaden,1.384810742
OtherDemersals,Detritus,2.72281
OtherPelagics,RiverHerring,1.598176541
OtherPelagics,AtlCroaker,0.61788238
OtherPelagics,AtlMackerel,1.833616313
OtherPelagics,AtlScallop,0.015009289
OtherPelagics,BlackSeaBass,0.045027866
OtherPelagics,Bluefish,0.025015481
OtherPelagics,Butterfish,0.727887958
OtherPelagics,GelZooplankton,0.062538702
OtherPelagics,Illex,0.151093505
OtherPelagics,LgCopepods,0.004696088
OtherPelagics,Loligo,0.633704672
OtherPelagics,Macrobenthos,5.820371768
OtherPelagics,Megabenthos,0.391144448
OtherPelagics,Micronekton,0.05639183
OtherPelagics,OceanPout,0.011256966
OtherPelagics,OceanQuahog,0.002251393
OtherPelagics,OtherCephalopods,0.512750046
OtherPelagics,OtherDemersals,3.092280506
OtherPelagics,OtherShrimps,1.069202705
OtherPelagics,OtherSkates,0.26266255
OtherPelagics,Phytoplankton,0.000250155
OtherPelagics,RedHake,0.075046443
OtherPelagics,Scup,0.320073079
OtherPelagics,SilverHake,0.02170093
OtherPelagics,SmFlatfishes,2.191951502
OtherPelagics,SmPelagics,31.62528018
OtherPelagics,SouthernDemersals,0.594117673
OtherPelagics,SurfClam,0.31569537
OtherPelagics,Weakfish,0.062538702
OtherPelagics,Windowpane,0.016260063
OtherPelagics,Krill,0.009005573
OtherPelagics,AtlMenhaden,47.83511932
OtherShrimps,Bacteria,33.59987
OtherShrimps,Macrobenthos,10.060258
OtherShrimps,Micronekton,10.489463
OtherShrimps,OtherShrimps,0.0600841
OtherShrimps,Phytoplankton,5.669979
OtherShrimps,Krill,0.850497
OtherShrimps,Detritus,39.269849
OtherSkates,AtlCroaker,1.854540369
OtherSkates,AtlScallop,0.010290155
OtherSkates,BlackSeaBass,0.255889573
OtherSkates,Butterfish,0.461217589
OtherSkates,Fourspot,0.032373523
OtherSkates,GelZooplankton,0.144432159
OtherSkates,Goosefish,0.026014438
OtherSkates,Illex,0.00832462
OtherSkates,LgCopepods,0.015034432
OtherSkates,Loligo,6.77126912
OtherSkates,Macrobenthos,13.39171243
OtherSkates,Megabenthos,49.16169804
OtherSkates,Micronekton,2.426636137
OtherSkates,OtherCephalopods,1.682234607
OtherSkates,OtherDemersals,10.26799527
OtherSkates,OtherShrimps,2.285938453
OtherSkates,OtherSkates,0.298761366
OtherSkates,RedHake,0.052306363
OtherSkates,Scup,1.464439421
OtherSkates,Sharks,0.000623422
OtherSkates,SmFlatfishes,0.303032196
OtherSkates,SmPelagics,4.77135692
OtherSkates,SouthernDemersals,2.703849224
OtherSkates,SurfClam,0.000803032
OtherSkates,Weakfish,0.416231005
OtherSkates,Windowpane,0.178054375
OtherSkates,WinterFlounder,0.300611282
OtherSkates,Krill,0.575586812
OtherSkates,AtlMenhaden,0.138743668
RedHake,AmLobster,0.096502082
RedHake,AtlMackerel,1.124146598
RedHake,AtlScallop,1.763626887
RedHake,BlackSeaBass,0.158099156
RedHake,Butterfish,1.847912216
RedHake,GelZooplankton,0.038507877
RedHake,Goosefish,0.025665447
RedHake,Illex,0.50304277
RedHake,LgCopepods,0.082259159
RedHake,Loligo,9.759326407
RedHake,Macrobenthos,28.00544867
RedHake,Megabenthos,17.78562945
RedHake,Mesopelagics,0.066730163
RedHake,Micronekton,7.706902595
RedHake,OceanQuahog,0.14629305
RedHake,OtherCephalopods,0.092556252
RedHake,OtherDemersals,3.88089564
RedHake,OtherPelagics,0.10266179
RedHake,OtherShrimps,15.27131333
RedHake,Phytoplankton,0.000718166
RedHake,RedHake,0.290499267
RedHake,Scup,0.349050085
RedHake,SilverHake,1.179070656
RedHake,SmFlatfishes,0.087078969
RedHake,SmPelagics,4.118128371
RedHake,SpinyDogfish,0.410647159
RedHake,Krill,5.107287781
Scup,AtlScallop,1.033802501
Scup,GelZooplankton,1.313690428
Scup,LgCopepods,0.586611356
Scup,Loligo,1.682322272
Scup,Macrobenthos,76.56657498
Scup,Megabenthos,8.04793806
Scup,Micronekton,1.874197616
Scup,OtherCephalopods,0.995164524
Scup,OtherDemersals,0.052818521
Scup,OtherShrimps,1.311496428
Scup,Phytoplankton,0.090415704
Scup,SmPelagics,5.884278699
Scup,SurfClam,0.121888894
Scup,Krill,0.438800018
SeaBirds,RiverHerring,0.350131853
SeaBirds,AtlMackerel,0.269743795
SeaBirds,BlackSeaBass,0.035247847
SeaBirds,Bluefish,0.098560062
SeaBirds,Butterfish,28.10516435
SeaBirds,Cod,0.028620343
SeaBirds,Goosefish,0.127696814
SeaBirds,Illex,0.634720261
SeaBirds,LgCopepods,3.289127
SeaBirds,LittleSkate,0.622044866
SeaBirds,Loligo,4.012321464
SeaBirds,Mesopelagics,0.0109582
SeaBirds,Micronekton,12.4740135
SeaBirds,OtherCephalopods,0.000409275
SeaBirds,OtherPelagics,0.011077538
SeaBirds,OtherShrimps,3.287449
SeaBirds,OtherSkates,3.183838904
SeaBirds,SilverHake,0.243374243
SeaBirds,SmoothDogfish,0.394526384
SeaBirds,SmPelagics,16.37375433
SeaBirds,SpinyDogfish,1.879645508
SeaBirds,SummerFlounder,0.067075707
SeaBirds,WinterSkate,0.215458383
SeaBirds,Krill,1.0114065
SeaBirds,AtlMenhaden,10.88459207
SeaBirds,Detritus,12.38905
Sharks,RiverHerring,0.276995292
Sharks,AtlCroaker,1.137520682
Sharks,AtlMackerel,0.213398925
Sharks,BaleenWhales,1.082137
Sharks,BlackSeaBass,0.075221772
Sharks,Bluefish,11.67360001
Sharks,Butterfish,22.23447578
Sharks,Cod,0.079096203
Sharks,Fourspot,0.311385502
Sharks,GelZooplankton,0.1082137
Sharks,Goosefish,0.352907481
Sharks,HMS,0.7552064
Sharks,Illex,2.21687351
Sharks,LgCopepods,1.082137
Sharks,LittleSkate,1.327494337
Sharks,Loligo,14.01374702
Sharks,Macrobenthos,2.164274
Sharks,Mesopelagics,0.0757268
Sharks,OceanPout,0.044455785
Sharks,Odontocetes,2.164273
Sharks,OtherCephalopods,0.001429466
Sharks,OtherDemersals,0.509468297
Sharks,OtherPelagics,1.31203999
Sharks,OtherSkates,6.794571178
Sharks,RedHake,0.666790506
Sharks,Scup,0.656180668
Sharks,SeaBirds,0.2092085
Sharks,Sharks,4.414341
Sharks,SilverHake,0.672597759
Sharks,SmFlatfishes,0.016310594
Sharks,SmoothDogfish,1.090327217
Sharks,SmPelagics,5.514190383
Sharks,SouthernDemersals,1.221596468
Sharks,SpinyDogfish,5.194655518
Sharks,SummerFlounder,0.185372822
Sharks,Weakfish,0.355450448
Sharks,Windowpane,0.115339021
Sharks,WinterFlounder,0.165050533
Sharks,WinterSkate,0.459805713
Sharks,YTFlounder,0.211135496
Sharks,AtlMenhaden,3.434310817
Sharks,Detritus,5.410684
SilverHake,RiverHerring,0.044866537
SilverHake,AtlCroaker,0.006409505
SilverHake,AtlMackerel,0.902872424
SilverHake,BlackSeaBass,0.012819011
SilverHake,Butterfish,6.956518275
SilverHake,Fourspot,0.013459961
SilverHake,GelZooplankton,0.031649846
SilverHake,Illex,0.727478853
SilverHake,LgCopepods,0.032736752
SilverHake,Loligo,16.3977284
SilverHake,Macrobenthos,28.87116473
SilverHake,Megabenthos,0.16444154
SilverHake,Mesopelagics,0.424229133
SilverHake,Micronekton,4.794182538
SilverHake,OceanPout,0.160237633
SilverHake,OtherCephalopods,0.338171932
SilverHake,OtherDemersals,4.494884395
SilverHake,OtherPelagics,3.675851294
SilverHake,OtherShrimps,7.770183706
SilverHake,RedHake,1.263933033
SilverHake,Scup,0.775413212
SilverHake,SilverHake,0.892849214
SilverHake,SmFlatfishes,0.048513938
SilverHake,SmPelagics,17.10696291
SilverHake,YTFlounder,0.012819011
SilverHake,Krill,4.07333799
SmCopepods,LgCopepods,0.156235538
SmCopepods,Microzooplankton,14.48885
SmCopepods,Phytoplankton,68.10234
SmCopepods,SmCopepods,4.971837462
SmCopepods,Detritus,12.28075
SmFlatfishes,GelZooplankton,0.002537824
SmFlatfishes,LgCopepods,0.140585255
SmFlatfishes,Macrobenthos,85.03217544
SmFlatfishes,Megabenthos,2.825552418
SmFlatfishes,Micronekton,4.503531281
SmFlatfishes,OtherCephalopods,0.037471233
SmFlatfishes,OtherDemersals,0.119226652
SmFlatfishes,OtherShrimps,3.791833332
SmFlatfishes,Phytoplankton,0.000851619
SmFlatfishes,Krill,3.546234946
SmoothDogfish,AmLobster,0.483852291
SmoothDogfish,AtlCroaker,0.144525311
SmoothDogfish,AtlMackerel,0.101250218
SmoothDogfish,AtlScallop,0.136430748
SmoothDogfish,BlackSeaBass,0.052875114
SmoothDogfish,Bluefish,0.109612736
SmoothDogfish,Butterfish,0.313552152
SmoothDogfish,Fourspot,0.011325024
SmoothDogfish,GelZooplankton,0.106873529
SmoothDogfish,Goosefish,0.160316254
SmoothDogfish,Illex,0.108373529
SmoothDogfish,LgCopepods,0.000675001
SmoothDogfish,LittleSkate,0.037500081
SmoothDogfish,Loligo,5.05518228
SmoothDogfish,Macrobenthos,11.27643131
SmoothDogfish,Megabenthos,74.62112813
SmoothDogfish,Mesopelagics,0.003862508
SmoothDogfish,Micronekton,0.151659572
SmoothDogfish,OceanPout,0.021900047
SmoothDogfish,OtherCephalopods,1.502194328
SmoothDogfish,OtherDemersals,1.542554226
SmoothDogfish,OtherPelagics,0.157810567
SmoothDogfish,OtherShrimps,0.175381359
SmoothDogfish,OtherSkates,0.319804949
SmoothDogfish,RedHake,0.00450001
SmoothDogfish,Scup,0.342654941
SmoothDogfish,SilverHake,0.245513028
SmoothDogfish,SmFlatfishes,0.094404408
SmoothDogfish,SmPelagics,1.470773617
SmoothDogfish,SouthernDemersals,0.120771737
SmoothDogfish,SpinyDogfish,0.108375233
SmoothDogfish,SummerFlounder,0.067500145
SmoothDogfish,SurfClam,0.477751027
SmoothDogfish,Weakfish,0.049687607
SmoothDogfish,WinterFlounder,0.052500113
SmoothDogfish,Krill,0.270465411
SmoothDogfish,AtlMenhaden,0.095812706
SmPelagics,GelZooplankton,3.159449
SmPelagics,LgCopepods,39.55315744
SmPelagics,Macrobenthos,0.7134239
SmPelagics,Mesopelagics,0.120629
SmPelagics,Micronekton,4.6729273
SmPelagics,Phytoplankton,16.00108
SmPelagics,SmCopepods,35.45829256
SmPelagics,Krill,0.3210408
SouthernDemersals,AtlScallop,0.001636048
SouthernDemersals,GelZooplankton,0.0170149
SouthernDemersals,LgCopepods,0.838828028
SouthernDemersals,Macrobenthos,52.93271422
SouthernDemersals,Megabenthos,23.1177684
SouthernDemersals,Micronekton,2.961405724
SouthernDemersals,OtherCephalopods,0.431916693
SouthernDemersals,OtherDemersals,0.494904545
SouthernDemersals,OtherShrimps,2.531794222
SouthernDemersals,SmFlatfishes,0.001472443
SouthernDemersals,SmPelagics,4.644472191
SouthernDemersals,SouthernDemersals,6.83868098
SouthernDemersals,SummerFlounder,0.003272096
SouthernDemersals,Weakfish,4.998264447
SouthernDemersals,Krill,0.185855062
SpinyDogfish,AmLobster,0.016905662
SpinyDogfish,RiverHerring,1.55025881
SpinyDogfish,AtlCroaker,0.14921834
SpinyDogfish,AtlMackerel,0.172653306
SpinyDogfish,AtlScallop,4.352056702
SpinyDogfish,BlackSeaBass,0.275684272
SpinyDogfish,Bluefish,0.009857529
SpinyDogfish,Butterfish,1.473256948
SpinyDogfish,Fourspot,0.600274209
SpinyDogfish,GelZooplankton,5.937819082
SpinyDogfish,Goosefish,0.495402426
SpinyDogfish,Illex,5.500464491
SpinyDogfish,LgCopepods,0.001732909
SpinyDogfish,LittleSkate,0.074917218
SpinyDogfish,Loligo,10.41343056
SpinyDogfish,Macrobenthos,40.13686431
SpinyDogfish,Megabenthos,2.654335035
SpinyDogfish,Mesopelagics,0.013825184
SpinyDogfish,Micronekton,0.319109498
SpinyDogfish,OceanPout,0.355463747
SpinyDogfish,OceanQuahog,0.381412428
SpinyDogfish,Odontocetes,0.069002701
SpinyDogfish,OtherCephalopods,0.163462241
SpinyDogfish,OtherDemersals,2.895627347
SpinyDogfish,OtherPelagics,3.555880093
SpinyDogfish,OtherShrimps,0.332019242
SpinyDogfish,OtherSkates,0.433373926
SpinyDogfish,Phytoplankton,7.39E-05
SpinyDogfish,RedHake,0.526253354
SpinyDogfish,Scup,1.599281868
SpinyDogfish,Sharks,0.040958032
SpinyDogfish,SilverHake,0.209142681
SpinyDogfish,SmFlatfishes,0.18435572
SpinyDogfish,SmPelagics,9.451459683
SpinyDogfish,SouthernDemersals,0.64825573
SpinyDogfish,SpinyDogfish,0.157474021
SpinyDogfish,SummerFlounder,0.500734452
SpinyDogfish,SurfClam,0.630955767
SpinyDogfish,Weakfish,0.361401645
SpinyDogfish,Windowpane,0.085945328
SpinyDogfish,WinterFlounder,0.209965361
SpinyDogfish,YTFlounder,0.299958101
SpinyDogfish,Krill,0.297992052
SpinyDogfish,AtlMenhaden,2.4607891
SummerFlounder,RiverHerring,0.043562811
SummerFlounder,AtlCroaker,0.163058022
SummerFlounder,AtlMackerel,0.324434064
SummerFlounder,BlackSeaBass,0.448696955
SummerFlounder,Bluefish,0.301309444
SummerFlounder,Butterfish,4.146494501
SummerFlounder,Fourspot,0.047919092
SummerFlounder,GelZooplankton,0.028073812
SummerFlounder,Illex,10.8322125
SummerFlounder,LgCopepods,0.048161108
SummerFlounder,Loligo,29.24147321
SummerFlounder,Macrobenthos,20.30375156
SummerFlounder,Megabenthos,3.761442615
SummerFlounder,Mesopelagics,0.004840312
SummerFlounder,Micronekton,1.174096527
SummerFlounder,OceanPout,0.376901922
SummerFlounder,OtherCephalopods,0.365361696
SummerFlounder,OtherDemersals,6.372951521
SummerFlounder,OtherPelagics,1.94338541
SummerFlounder,OtherShrimps,0.684258742
SummerFlounder,RedHake,1.708267238
SummerFlounder,Scup,4.886186415
SummerFlounder,SilverHake,2.229696486
SummerFlounder,SmFlatfishes,0.0849262
SummerFlounder,SmPelagics,8.645179327
SummerFlounder,SouthernDemersals,0.239595462
SummerFlounder,SpinyDogfish,0.194822572
SummerFlounder,SummerFlounder,0.013068843
SummerFlounder,Weakfish,0.810679715
SummerFlounder,Windowpane,0.010714691
SummerFlounder,Krill,0.177252238
SummerFlounder,AtlMenhaden,0.387224988
SurfClam,Bacteria,8
SurfClam,Phytoplankton,69
SurfClam,Detritus,23
Weakfish,AtlCroaker,0.600843622
Weakfish,BlackSeaBass,0.272382442
Weakfish,Bluefish,0.132185597
Weakfish,Butterfish,2.743644978
Weakfish,GelZooplankton,0.099339479
Weakfish,LgCopepods,0.130473957
Weakfish,Loligo,4.287964574
Weakfish,Macrobenthos,24.89111769
Weakfish,Megabenthos,1.378143728
Weakfish,Mesopelagics,0.003004218
Weakfish,Micronekton,3.778358509
Weakfish,OtherCephalopods,2.486679018
Weakfish,OtherDemersals,4.601959624
Weakfish,OtherPelagics,0.298164096
Weakfish,OtherShrimps,2.585758277
Weakfish,RedHake,0.024033745
Weakfish,Scup,4.170255302
Weakfish,SilverHake,0.578412127
Weakfish,SmFlatfishes,0.332029827
Weakfish,SmPelagics,39.79922837
Weakfish,SouthernDemersals,1.772088124
Weakfish,SurfClam,0.000400562
Weakfish,Weakfish,3.632817069
Weakfish,Windowpane,0.001238102
Weakfish,Krill,0.578324003
Weakfish,AtlMenhaden,0.821152951
Windowpane,RiverHerring,0.099159157
Windowpane,BlackSeaBass,0.192947192
Windowpane,GelZooplankton,0.469000274
Windowpane,LgCopepods,0.142683566
Windowpane,Loligo,0.238560404
Windowpane,Macrobenthos,16.39356757
Windowpane,Megabenthos,1.68244911
Windowpane,Micronekton,28.29608884
Windowpane,OtherCephalopods,0.37543084
Windowpane,OtherDemersals,9.965866706
Windowpane,OtherPelagics,0.041316315
Windowpane,OtherShrimps,29.9296117
Windowpane,RedHake,0.467080944
Windowpane,Scup,0.209886881
Windowpane,SilverHake,1.784263854
Windowpane,SmFlatfishes,0.078726509
Windowpane,SmPelagics,6.513798799
Windowpane,Windowpane,0.097093341
Windowpane,Krill,3.022467998
WinterFlounder,AtlScallop,0.090414025
WinterFlounder,GelZooplankton,1.841098727
WinterFlounder,LgCopepods,0.136489217
WinterFlounder,Macrobenthos,96.01145877
WinterFlounder,Megabenthos,0.582113744
WinterFlounder,Micronekton,0.423420179
WinterFlounder,OtherCephalopods,0.028254383
WinterFlounder,OtherShrimps,0.496136685
WinterFlounder,SmPelagics,0.14858723
WinterFlounder,SurfClam,0.063289817
WinterFlounder,Krill,0.178737225
WinterSkate,AmLobster,0.019280519
WinterSkate,AtlMackerel,1.252131565
WinterSkate,AtlScallop,0.28552486
WinterSkate,BlackSeaBass,0.033046072
WinterSkate,Butterfish,0.209140408
WinterSkate,GelZooplankton,0.051299745
WinterSkate,Goosefish,0.091086195
WinterSkate,LgCopepods,0.166336642
WinterSkate,LittleSkate,0.028710369
WinterSkate,Loligo,0.72050395
WinterSkate,Macrobenthos,49.73259782
WinterSkate,Megabenthos,10.51824925
WinterSkate,Mesopelagics,0.005465172
WinterSkate,Micronekton,2.258493497
WinterSkate,OceanPout,0.1884877
WinterSkate,OceanQuahog,0.065339164
WinterSkate,OtherCephalopods,0.854315643
WinterSkate,OtherDemersals,8.844650527
WinterSkate,OtherPelagics,0.306049616
WinterSkate,OtherShrimps,5.142975967
WinterSkate,OtherSkates,0.071168681
WinterSkate,RedHake,0.314429546
WinterSkate,Scup,0.254221571
WinterSkate,SilverHake,0.380230214
WinterSkate,SmFlatfishes,0.061506563
WinterSkate,SmPelagics,16.34576609
WinterSkate,SouthernDemersals,0.087442748
WinterSkate,SummerFlounder,0.761480593
WinterSkate,SurfClam,0.394038881
WinterSkate,Weakfish,0.072868956
WinterSkate,WinterFlounder,0.301191686
WinterSkate,Krill,0.181969793
YTFlounder,AtlScallop,0.002431604
YTFlounder,GelZooplankton,0.051934451
YTFlounder,LgCopepods,0.360189485
YTFlounder,Macrobenthos,92.94266972
YTFlounder,Megabenthos,1.574282546
YTFlounder,Micronekton,1.776668193
YTFlounder,OtherCephalopods,0.003253091
YTFlounder,OtherDemersals,0.231330929
YTFlounder,OtherShrimps,1.767586482
YTFlounder,SmPelagics,0.026057589
YTFlounder,SurfClam,0.028193457
YTFlounder,Krill,1.235402452
Krill,GelZooplankton,0.16
Krill,LgCopepods,22.79788967
Krill,Micronekton,4.292
Krill,Phytoplankton,18.24
Krill,SmCopepods,35.76211033
Krill,Krill,0.348
Krill,Detritus,18.4
AtlMenhaden,GelZooplankton,3.159449
AtlMenhaden,LgCopepods,39.55315744
AtlMenhaden,Macrobenthos,0.7134239
AtlMenhaden,Mesopelagics,0.120629
AtlMenhaden,Micronekton,4.6729273
AtlMenhaden,Phytoplankton,16.00108
AtlMenhaden,SmCopepods,35.45829256
AtlMenhaden,Krill,0.3210408